{
    "vgg16_bn": {
        "dice_loss": 0.2943324784437816,
        "iou_score": 0.8960835178693136,
        "fscore": 0.9446584721406301,
        "recall": 0.9288570404052735,
        "precision": 0.9610514064629871
    }
}